plan,pago_2023,pago_2024,pago_2025,pago_2026,pago_2027,pago_2028,pago_2029,pago_2030,pago_2031,pago_2032,pago_2033,pago_2034,pago_2035,pago_2036,pago_2037
LTRP 2022,1/6,2/6,3/6,4/6,5/6,6/6,,,,,,,,,
LTRP 2023,,1/6,2/6,3/6,4/6,5/6,6/6,,,,,,,,
LTRP 2024,,,1/6,2/6,3/6,4/6,5/6,6/6,,,,,,,
LTRP 2025,,,,1/6,2/6,3/6,4/6,5/6,6/6,,,,,,
LTRP 2026,,,,,1/6,2/6,3/6,4/6,5/6,6/6,,,,,
LTRP 2027,,,,,,1/6,2/6,3/6,4/6,5/6,6/6,,,,
LTRP 2028,,,,,,,1/6,2/6,3/6,4/6,5/6,6/6,,,
LTRP 2029,,,,,,,,1/6,2/6,3/6,4/6,5/6,6/6,,
LTRP 2030,,,,,,,,,1/6,2/6,3/6,4/6,5/6,6/6,
LTRP 2031,,,,,,,,,,1/6,2/6,3/6,4/6,5/6,6/6
LTRP 2032,,,,,,,,,,,1/6,2/6,3/6,4/6,5/6
LTRP 2033,,,,,,,,,,,,1/6,2/6,3/6,4/6
LTRP 2034,,,,,,,,,,,,,1/6,2/6,3/6
LTRP 2035,,,,,,,,,,,,,,1/6,2/6
LTRP 2036,,,,,,,,,,,,,,,1/6
